,Temp,Humidity,Wind Speed,Cloudiness(%),Latitude,Longitude
Ushuaia,8.0,49,3.1,20,-54.81,-68.31
Oriximina,23.92,100,1.77,80,-1.77,-55.87
Ouallam,20.57,41,1.27,12,14.32,2.08
Hithadhoo,28.62,100,2.67,64,-0.6,73.08
Aksu,-15.0,77,5.0,0,52.04,76.93
Jamestown,16.62,95,2.07,0,-33.21,138.6
Qaanaaq,-23.54,100,1.07,56,77.48,-69.36
Upernavik,-16.64,98,0.72,64,72.79,-56.15
Port Alfred,21.27,92,4.92,36,-33.59,26.89
Saldanha,9.47,91,4.37,92,41.42,-6.55
Albany,-1.51,84,6.7,90,42.65,-73.75
Belidzhi,3.77,100,6.47,92,41.87,48.39
Bethanien,19.22,34,2.07,8,-26.5,17.16
San Pietro Vernotico,9.0,66,2.6,0,40.49,18.0
Zyryanovsk,-11.79,73,0.97,56,49.74,84.27
Cidreira,20.77,69,2.52,88,-30.17,-50.22
Peniche,15.0,87,4.6,75,39.36,-9.38
Amargosa,23.97,88,1.92,92,-13.03,-39.6
Narsaq,-6.0,62,2.1,20,60.91,-46.05
Port Elizabeth,3.0,44,4.1,20,39.31,-74.98
Glace Bay,1.0,90,13.9,90,46.2,-59.96
Stephenville,15.61,19,2.6,1,32.22,-98.2
Laguna,27.0,42,3.6,75,27.52,-110.01
Belozerskoye,-21.39,59,2.77,12,55.82,65.58
Hermanus,16.22,96,1.62,76,-34.42,19.24
Cape Town,18.0,88,2.6,20,-33.93,18.42
Amalner,27.37,33,3.02,92,21.04,75.07
Camara de Lobos,18.0,82,5.7,20,32.63,-16.97
Bredasdorp,20.0,72,0.5,92,-34.53,20.04
Mahibadhoo,27.37,100,2.97,88,3.78,72.97
Muros,12.0,76,8.2,90,42.77,-9.06
Havoysund,-8.0,92,2.1,75,71.0,24.66
Longyearbyen,-15.0,84,2.6,20,78.22,15.63
Torbay,-1.0,92,7.2,90,47.66,-52.73
Canning,21.16,54,1.0,0,-34.86,-58.5
East London,22.12,96,5.87,76,-33.02,27.91
Pangnirtung,-14.39,80,1.62,64,66.15,-65.72
Busselton,21.17,100,5.37,92,-33.64,115.35
Kruisfontein,19.92,80,5.57,64,-34.0,24.73
Dhidhdhoo,26.72,100,7.37,88,6.88,73.1
Cuamba,20.27,97,1.22,24,-14.8,36.54
Ilulissat,-12.0,78,1.52,90,69.22,-51.1
Mahebourg,26.0,88,6.7,75,-20.41,57.7
Surt,14.97,98,5.22,0,31.21,16.59
Uni,-7.04,81,6.37,88,57.75,51.49
Boa Vista,30.0,51,3.1,75,2.82,-60.67
Mocuba,23.82,93,1.42,92,-16.84,36.99
Klaksvik,4.0,86,9.3,92,62.23,-6.59
Dikson,-20.19,93,7.87,44,73.51,80.55
Carnarvon,17.87,40,3.02,24,-30.97,22.13
Urengoy,-12.14,81,6.37,76,65.96,78.37
Summerside,1.0,86,13.9,90,46.39,-63.79
Beyneu,-13.49,69,1.32,0,45.32,55.19
Gikongoro,13.02,100,0.97,64,-2.46,29.57
Williamsport,-1.0,86,4.6,40,41.25,-77.0
Saint Anthony,10.41,57,4.6,1,43.97,-111.68
Bridgewater,-0.38,100,5.7,90,41.99,-70.98
Saint-Francois,1.0,93,1.0,0,46.42,3.91
Kisangani,23.22,85,1.42,20,0.52,25.21
Kavaratti,26.52,100,4.27,88,10.57,72.64
Tsumeb,21.42,59,2.87,56,-19.25,17.72
Hofn,3.31,100,10.92,92,64.25,-15.21
Lenggries,4.85,70,3.1,75,47.68,11.58
Bissau,23.0,88,2.1,0,11.86,-15.58
Arraial do Cabo,25.0,94,1.5,40,-22.97,-42.02
Ponta Delgada,14.0,76,13.9,40,37.73,-25.67
Praia da Vitoria,12.0,71,18.72,20,38.73,-27.07
Dingle,25.42,87,4.67,0,11.0,122.67
Mar del Plata,17.87,48,11.77,20,-46.43,-67.52
Punta Alta,25.0,94,2.6,75,-27.46,-55.82
Kuliyapitiya,24.0,94,1.5,20,7.47,80.04
Energeticheskiy,6.0,87,3.0,90,43.43,77.02
Cayenne,26.0,78,2.6,75,4.94,-52.33
Otjimbingwe,17.22,78,1.07,12,-22.35,16.13
Comodoro Rivadavia,19.0,39,12.3,0,-45.87,-67.48
Santa Rosa,15.97,33,3.67,0,-36.62,-64.29
Mogadishu,26.87,100,3.92,0,2.04,45.34
Batticaloa,25.77,100,2.37,76,7.71,81.69
Meylan,2.02,78,1.5,0,45.21,5.78
Rio Grande,21.97,78,4.82,0,-32.03,-52.1
Touros,26.82,89,4.47,56,-5.2,-35.46
Adrar,20.0,12,4.6,0,27.87,-0.29
Diego de Almagro,19.12,67,1.22,0,-26.39,-70.05
Taltal,17.27,75,1.02,0,-25.41,-70.49
Weston,2.08,55,6.2,75,41.2,-73.38
Sao Joao da Barra,26.0,83,2.1,75,-21.64,-41.05
Nanortalik,-5.09,100,1.82,0,60.14,-45.24
Redcar,0.0,100,1.5,0,54.62,-1.06
Porto Novo,23.0,88,5.1,20,-23.68,-45.44
Chapais,-2.0,68,3.1,90,49.78,-74.86
Victoria,27.0,88,1.0,75,5.28,115.24
Inirida,29.62,56,0.57,0,3.87,-67.92
Tasiilaq,-10.0,47,0.5,0,65.61,-37.64
Gao,21.82,24,1.27,32,16.28,-0.04
Olhao,16.0,93,5.7,75,37.03,-7.84
Plettenberg Bay,21.47,100,5.47,64,-34.05,23.37
Cockburn Town,26.02,98,1.92,0,21.46,-71.14
Georgetown,24.0,94,4.1,0,6.8,-58.16
Atar,23.07,24,3.97,0,20.52,-13.05
Clyde River,-26.0,75,6.7,90,70.47,-68.59
Punta Arenas,5.0,75,9.47,40,-53.16,-70.91
Vasvar,8.0,81,3.1,75,47.05,16.8
Meaux,5.71,93,1.5,0,48.96,2.9
Lanja,26.37,44,2.02,48,16.84,73.55
Chuy,21.77,66,4.12,24,-33.69,-53.46
Kibre Mengist,15.22,95,0.27,44,5.87,38.99
Walvis Bay,16.0,77,0.5,0,-22.95,14.51
Keti Bandar,24.47,99,7.22,0,24.14,67.45
Vagur,6.31,100,11.42,92,61.47,-6.81
Boueni,26.0,88,2.6,0,-12.9,45.08
Beberibe,28.0,83,2.6,20,-4.18,-38.13
Skelleftea,-7.0,85,4.6,80,64.75,20.95
Ponta do Sol,23.17,80,0.87,20,-20.63,-46.0
Port Blair,27.97,100,2.92,0,11.67,92.75
Salinas,13.25,93,4.1,90,36.67,-121.66
Boende,21.22,100,1.22,80,-0.28,20.88
Thohoyandou,17.47,94,1.17,0,-22.97,30.46
Puerto Carreno,32.0,52,5.1,40,6.19,-67.49
Talnakh,-18.99,83,8.82,56,69.49,88.39
Kiruna,-10.0,92,3.1,88,67.86,20.23
Alekseyevka,-16.0,77,3.0,0,53.25,50.49
Paita,26.92,60,3.87,20,-5.09,-81.11
Sorland,0.42,100,6.92,8,67.67,12.69
Ribeira Grande,16.02,99,16.62,8,38.52,-28.7
Shiraz,11.0,29,2.1,0,29.61,52.54
Wyszkow,8.0,75,1.5,0,52.59,21.46
Pedernales,26.52,63,4.07,24,0.07,-80.05
Rosita,25.22,83,1.67,88,13.92,-84.4
Homestead,19.0,52,1.82,1,25.47,-80.48
Marienburg,4.0,86,4.6,75,52.12,9.98
Krasnoarmeysk,-3.0,63,6.0,0,56.12,38.15
Saint-Philippe,-0.77,92,6.2,90,45.36,-73.48
Benguela,25.32,100,2.72,76,-12.58,13.4
Grand Gaube,26.0,88,6.7,75,-20.01,57.66
Soacha,16.0,72,5.1,40,4.58,-74.21
Kondinskoye,-12.74,86,3.47,20,59.65,67.41
Charlestown,0.72,86,3.6,90,41.38,-71.64
Bandarbeyla,24.72,100,2.27,0,9.49,50.81
Bambous Virieux,26.0,88,6.7,75,-20.34,57.76
Altay,-17.14,49,0.97,32,47.83,88.13
Tabou,27.52,100,1.87,56,4.42,-7.36
Geraldton,-7.0,48,2.1,20,49.72,-86.95
Sinnamary,26.12,96,5.22,92,5.38,-52.96
Chabahar,23.22,100,4.02,0,25.29,60.65
Nantucket,0.5,100,13.4,90,41.28,-70.1
Gamba,-20.14,58,1.42,0,28.28,88.52
Bathsheba,26.0,78,9.3,20,13.22,-59.52
Vila Franca do Campo,14.0,76,13.9,40,37.72,-25.43
Bisira,24.97,69,0.52,0,8.52,-81.71
Snasa,-4.14,93,1.62,76,64.25,12.38
Margate,17.0,63,3.1,75,-43.03,147.26
Larsnes,0.0,100,2.1,8,62.2,5.58
Pitkyaranta,1.67,99,4.52,92,61.57,31.48
Ciudad Bolivar,30.87,44,7.77,0,8.12,-63.55
Itarema,26.12,86,3.27,32,-2.92,-39.92
Nouakchott,21.22,81,7.32,0,18.08,-15.98
Vardo,1.58,55,7.7,75,39.62,-77.74
Lokot,-4.69,89,6.72,24,52.57,34.57
Dutlwe,19.17,76,3.32,0,-23.98,23.93
Pimenta Bueno,24.02,93,1.02,92,-11.68,-61.19
Rawson,18.67,28,4.37,0,-43.3,-65.11
Bandrele,26.0,88,2.6,0,-12.91,45.19
Cabedelo,27.0,78,3.1,20,-6.97,-34.84
Umm Kaddadah,13.81,22,2.32,0,13.6,26.69
Dordrecht,3.52,93,2.1,44,51.8,4.68
Ambilobe,22.17,92,1.22,20,-13.19,49.05
Guanare,31.0,58,2.77,20,9.04,-69.74
Alcaniz,6.42,82,2.12,64,41.05,-0.13
Paamiut,-4.79,100,4.62,20,61.99,-49.67
Luba,22.02,69,1.82,0,17.32,120.7
Lagoa,16.0,93,5.7,75,37.14,-8.45
Luderitz,17.0,88,8.2,24,-26.65,15.16
Hornostayivka,4.62,90,7.62,92,47.01,33.73
Guanica,25.0,78,7.02,75,17.97,-66.91
Strezhevoy,-13.0,78,5.0,0,60.73,77.6
Norrtalje,-2.0,86,10.3,90,59.76,18.7
Zhezkazgan,-8.19,86,5.17,64,47.8,67.71
Mtinko,11.97,91,1.27,8,-4.55,34.84
Mercedes,21.97,52,3.42,0,-33.25,-58.03
Namibe,24.22,100,1.12,32,-15.19,12.15
Dabwali,17.52,75,2.62,12,29.95,74.74
Bud,-0.97,74,3.6,44,62.91,6.91
Saint George,11.0,62,2.6,0,39.45,22.34
Qandala,15.67,100,0.67,0,11.47,49.87
Kant,-3.04,94,0.92,88,42.89,74.85
Saint-Augustin,6.88,87,3.1,0,44.83,-0.61
Aktau,-8.0,100,4.0,0,43.65,51.16
Coihaique,7.88,87,3.6,90,-45.58,-72.07
Mahon,8.0,100,12.9,75,51.89,-8.4
Araouane,23.32,20,4.67,0,18.9,-3.53
Syracuse,-1.5,92,7.2,90,43.05,-76.15
Puerto Quijarro,30.65,79,2.1,0,-19.0,-57.72
Padang,28.32,100,4.02,100,-0.92,100.36
Pudukkottai,25.0,94,1.5,40,10.38,78.82
Waddan,14.02,36,3.32,0,29.16,16.14
Aksay,-3.29,82,8.27,8,47.27,39.86
Kolpashevo,-23.79,74,3.42,20,58.31,82.9
Russkaya Polyana,-24.34,38,2.12,0,53.78,73.88
Coquimbo,16.0,77,2.6,0,-29.95,-71.34
Alta Gracia,17.0,51,1.0,0,-31.66,-64.43
Mehamn,-9.64,82,3.12,32,71.03,27.85
Dunda,6.37,60,1.27,44,30.62,78.32
Castro,12.27,99,4.92,92,-42.48,-73.76
Bettiah,17.31,63,2.92,0,26.8,84.51
Salalah,23.0,73,2.1,20,17.01,54.1
Presidencia Roque Saenz Pena,25.02,84,4.32,12,-26.79,-60.44
Sompeta,21.47,64,2.42,0,18.93,84.6
Adre,20.22,17,5.72,0,13.47,22.2
Kolyvan,-28.0,75,1.37,0,55.31,82.74
Vilani,4.81,94,6.92,92,56.55,26.92
Abu Samrah,9.62,90,2.67,64,35.3,37.18
Jumla,-6.39,81,0.77,12,29.28,82.18
Bad Aussee,8.0,65,6.2,75,47.61,13.78
Bonfim,25.0,73,1.97,40,-20.33,-44.24
Rafaela,21.27,85,1.17,0,-31.25,-61.49
Gat,29.0,42,2.42,0,14.69,-16.54
Berlevag,-5.54,100,4.02,76,70.86,29.09
Rzeszow,6.0,81,1.5,0,50.04,22.0
Abu Dhabi,22.0,68,3.1,0,24.47,54.37
Turayf,11.0,50,2.1,0,31.68,38.65
Machinga,20.72,100,1.42,92,-15.18,35.3
Mirpur Khas,20.82,73,5.42,0,25.53,69.01
Mizdah,11.52,74,1.22,0,31.45,12.98
Nouadhibou,20.0,68,9.8,76,20.93,-17.03
Goderich,-1.79,80,9.02,76,43.74,-81.71
Inhambane,22.67,100,2.57,12,-23.87,35.38
Road Town,25.18,94,5.1,1,18.42,-64.62
Kholm,2.97,95,9.27,92,57.15,31.18
Ajdabiya,12.87,49,3.92,0,30.75,20.22
Dehloran,10.12,59,1.17,0,32.69,47.27
Aleksandrov Gay,-21.19,44,3.12,0,50.14,48.57
Sao Filipe,22.72,89,7.72,12,14.9,-24.5
Faya,14.51,62,0.72,0,18.39,42.45
Knysna,19.0,88,2.1,68,-34.04,23.05
Grindavik,4.16,69,5.7,75,63.84,-22.43
Havelock,6.21,100,4.42,1,34.88,-76.9
Mizan Teferi,17.62,87,1.77,56,6.99,35.58
Plyussa,5.27,97,5.07,92,58.42,29.37
Faro,16.0,93,5.7,75,37.02,-7.94
Tarata,8.02,57,0.72,0,-17.47,-70.03
Sokoni,16.31,96,1.17,8,-12.89,28.78
Sur,23.97,92,1.77,0,22.57,59.53
Anori,25.22,91,1.62,24,-3.74,-61.66
Valparaiso,-2.0,58,6.7,40,41.47,-87.06
Santa Helena,24.72,94,2.22,36,-2.23,-45.3
Almora,4.97,79,0.97,12,29.6,79.66
Eyl,23.12,100,3.27,0,7.98,49.82
Mungwi,16.92,98,1.32,80,-10.17,31.37
Shyryayeve,7.47,97,4.22,92,47.38,30.2
Eufaula,12.26,40,2.1,1,31.89,-85.15
San Luis,19.42,36,1.22,0,-33.3,-66.34
Husavik,-2.19,89,5.87,68,50.56,-96.99
Puerto del Rosario,18.0,77,2.6,0,28.5,-13.86
Tornio,0.33,100,3.1,90,61.12,27.27
Lebu,15.0,67,3.1,40,8.96,38.73
Timbauba,27.57,79,2.22,8,-8.3,-70.33
Luangwa,23.92,78,3.87,44,-15.62,30.4
Andijan,8.0,81,2.1,40,40.76,72.37
Arlit,18.87,19,3.12,0,18.74,7.39
Mount Pleasant,14.0,41,2.1,1,33.16,-94.97
Leh,-15.54,79,0.62,80,34.16,77.58
Salinopolis,25.57,100,4.57,92,-0.61,-47.36
Annau,6.0,93,2.1,90,37.89,58.52
Kalmunai,24.27,100,1.42,76,7.42,81.82
Codrington,20.42,94,2.67,100,-28.95,153.24
Qeshm,20.0,88,2.1,0,26.96,56.27
Vestmannaeyjar,5.22,90,11.12,44,63.44,-20.27
Thale,2.37,99,3.37,80,51.75,11.04
Tambacounda,31.0,23,2.1,0,13.77,-13.67
Qasigiannguit,-12.0,78,1.52,90,68.82,-51.19
Amasya,9.0,87,2.1,40,40.65,35.83
Golub-Dobrzyn,8.02,97,5.22,92,53.11,19.05
Zaozerne,7.22,86,3.47,64,51.37,23.94
Beira,12.94,67,9.3,75,43.2,-8.36
Ambatondrazaka,19.12,91,2.47,24,-17.82,48.43
San Cristobal,16.0,59,7.2,40,-0.39,-78.55
Hirna,12.52,78,0.87,44,9.22,41.1
Iquique,22.0,68,4.1,0,-20.22,-70.14
Orcopampa,3.37,97,1.52,88,-15.27,-72.34
Miraflores,13.27,64,0.82,0,5.2,-73.14
Saint-Joseph,8.73,70,2.1,0,43.56,6.97
Perry,12.0,66,1.5,1,30.12,-83.58
Isabela,24.57,98,1.97,0,10.2,122.99
Roald,-1.17,94,2.1,0,62.58,6.12
Colares,15.0,93,7.7,75,38.8,-9.45
Vestmanna,4.0,86,9.3,92,62.16,-7.17
Tena,18.22,85,1.17,0,-0.99,-77.82
Puerto Leguizamo,31.72,54,0.87,20,-0.19,-74.78
Nadym,-9.04,84,5.27,76,65.53,72.51
Najran,20.0,34,2.1,0,17.54,44.22
Japura,23.12,98,0.87,100,-0.42,102.29
Kulhudhuffushi,26.72,100,7.37,88,6.62,73.07
Severodvinsk,-5.0,100,4.0,90,64.56,39.82
Mairana,18.52,94,1.17,68,-18.12,-63.96
Talara,26.92,60,3.87,20,-4.58,-81.27
Aquiraz,28.0,83,2.6,20,-3.9,-38.39
Taoudenni,16.62,20,1.57,8,22.68,-3.98
Mpraeso,23.02,94,1.57,0,6.6,-0.73
Paducah,7.68,36,3.1,1,37.08,-88.6
Taybad,4.12,93,1.82,44,34.74,60.78
Calbuco,13.0,87,5.1,90,-41.77,-73.13
Gramado,22.0,60,3.1,0,-29.38,-50.87
Trincomalee,24.67,96,2.17,44,8.58,81.23
Nesbyen,-14.09,64,0.72,0,60.57,9.1
Richards Bay,21.02,95,4.22,0,-28.77,32.06
The Valley,26.0,78,3.6,20,18.22,-63.06
Saint-Louis,5.42,81,4.1,90,47.59,7.56
Manacor,10.0,93,2.22,75,39.57,3.21
Nalut,11.62,63,1.12,12,31.86,10.98
Nizhniy Odes,-5.94,86,2.57,92,63.64,54.86
Nagua,26.0,88,1.97,20,19.37,-69.85
Lesnoy,-5.39,86,4.92,92,59.78,52.13
San Rafael del Sur,32.0,40,5.1,20,11.85,-86.44
Ariquemes,24.82,92,1.02,12,-9.91,-63.03
Camacha,17.57,88,2.6,40,33.08,-16.33
Sharon,-2.63,79,4.1,90,41.23,-80.49
Beysehir,4.97,87,2.42,56,37.68,31.72
Lieto,-2.0,92,5.1,80,60.5,22.46
Camocim de Sao Felix,23.72,82,3.62,20,-8.36,-35.76
Camargo,23.22,20,3.02,44,27.69,-105.17
Orbeni,7.0,100,5.1,90,46.28,27.02
Muzhi,-9.99,74,4.82,68,65.4,64.7
Dolores,15.77,45,2.87,0,-36.31,-57.68
Cravo Norte,33.32,34,3.07,8,6.3,-70.2
Los Llanos de Aridane,17.0,72,3.1,0,28.66,-17.92
Iqaluit,-16.0,84,1.5,90,63.75,-68.52
Arvika,-1.0,74,4.1,0,59.65,12.59
Havre-Saint-Pierre,1.0,69,5.1,90,50.23,-63.6
Nampula,23.22,90,1.67,56,-15.12,39.26
Rengo,20.0,34,2.1,0,-34.41,-70.86
Verkhniye Tatyshly,-14.34,81,4.82,48,56.29,55.86
Mabaruma,25.62,84,3.57,56,8.2,-59.78
Kamenka,-14.09,79,6.12,0,53.19,44.05
General Roca,16.0,55,2.57,0,-39.03,-67.58
Saraland,12.77,40,3.1,40,30.82,-88.07
Astana,-4.0,100,6.0,90,51.13,71.43
Verin,6.06,94,3.02,76,41.94,-7.44
Vazante,24.67,67,2.62,0,-17.99,-46.9
Makat,-18.74,84,1.32,0,47.65,53.35
Afzalpur,22.22,46,3.57,0,17.2,76.36
Bosaso,24.17,100,1.52,0,11.28,49.18
Gohad,19.0,52,1.22,0,26.42,78.44
Porbandar,18.97,77,2.77,0,21.64,69.61
Koygorodok,-3.84,87,4.12,88,60.44,51.01
Soledade,23.42,79,4.22,8,-7.06,-36.37
Henties Bay,16.87,100,2.72,0,-22.12,14.28
Caravelas,26.52,100,6.72,76,-17.73,-39.27
Mangrol,14.22,45,1.82,0,25.33,76.51
Key West,-2.99,79,6.2,1,47.93,-96.78
Praia,25.0,69,2.6,40,-20.25,-43.81
Santiago,23.27,21,7.2,0,-33.44,-70.65
Masvingo,16.02,91,2.67,8,-20.08,30.83
Kalabo,20.12,87,2.42,44,-15.0,22.67
Lerwick,2.51,86,3.1,88,60.15,-1.15
Yining,14.87,100,1.52,92,29.04,114.56
Kabo,30.97,49,1.22,92,7.69,18.62
Rocha,19.62,46,4.67,0,-34.48,-54.34
Jalu,13.92,44,1.67,0,29.03,21.55
Hatillo,25.0,78,1.92,75,18.49,-66.83
Whitley Bay,2.37,99,1.0,0,55.04,-1.44
Santa Maria,20.0,72,1.0,20,-29.69,-53.81
Nortelandia,25.87,81,2.57,32,-14.45,-56.8
Cap Malheureux,26.0,88,6.7,75,-19.98,57.61
Ostrovnoy,-13.99,77,3.72,32,68.05,39.51
Naifaru,27.37,100,4.62,92,5.44,73.37
Novovarshavka,-23.14,52,2.32,0,54.17,74.7
Saint-Pierre,5.44,93,1.5,90,48.95,4.24
Serov,-8.49,70,3.57,88,59.61,60.57
Mainaguri,19.77,65,2.32,88,26.57,88.82
Crown Point,-2.0,63,6.7,90,41.42,-87.37
Marabba,17.52,33,2.77,0,12.35,32.18
Sandwick,1.0,86,2.6,8,54.57,-2.89
Karuzi,16.12,100,1.22,92,-3.1,30.16
Sovetskiy,-7.39,88,7.97,92,56.76,48.47
Mitsamiouli,27.17,100,3.77,48,-11.38,43.28
Kattivakkam,27.0,88,1.5,40,13.22,80.32
Majholi,19.0,55,1.42,0,23.5,79.93
Ikom,23.22,89,2.62,8,5.96,8.72
Perleberg,3.62,98,6.17,80,53.08,11.86
Aleysk,-21.04,57,2.67,0,52.5,82.77
Oktyabrskoye,-26.09,45,1.12,0,56.73,85.44
Tineo,9.0,87,2.6,0,43.34,-6.41
Novyy Urengoy,-11.19,81,5.97,76,66.08,76.63
Gummidipundi,27.0,88,1.5,40,13.42,80.13
Doha,22.0,46,2.6,0,25.29,51.53
Liverpool,4.0,86,3.1,0,53.41,-2.98
Quatre Cocos,26.0,88,6.7,75,-20.21,57.76
Katete,14.42,87,1.17,8,-0.78,29.75
Pisco,23.0,73,7.2,0,-13.71,-76.2
Campoverde,8.27,100,3.6,0,41.54,12.73
Limuru,14.12,90,1.07,76,-1.12,36.65
Mazyr,0.87,96,5.27,92,52.05,29.27
Thomasville,6.15,44,2.6,1,35.88,-80.08
Maldonado,17.0,59,3.1,0,-34.91,-54.96
Fethiye,12.0,87,2.6,40,36.62,29.12
Zhanakorgan,-6.69,87,1.32,12,43.91,67.25
Tafresh,3.22,53,1.82,0,34.69,50.01
Inongo,24.17,93,0.67,48,-1.93,18.29
Galanta,6.05,57,2.6,0,48.19,17.73
Pitimbu,27.0,78,3.1,20,-7.47,-34.81
Ararangua,21.52,100,3.77,32,-28.93,-49.49
Naron,14.0,67,9.3,75,43.52,-8.15
Viedma,15.12,38,3.32,8,-40.81,-62.99
Pervomayskoye,-27.99,27,1.22,0,57.07,86.23
North Port,14.01,62,6.2,1,27.04,-82.24
Somerset East,20.31,58,2.32,36,-32.72,25.59
Marrakesh,15.0,67,1.02,0,31.63,-7.99
Saryagash,6.0,93,2.1,0,41.45,69.17
Kautokeino,-9.69,79,2.67,48,69.01,23.04
Nyandoma,3.62,98,7.07,92,61.67,40.21
Baringo,16.56,100,1.17,68,0.47,35.97
Atkarsk,-16.09,84,4.22,36,51.88,45.01
San Borja,24.62,90,1.07,12,-14.86,-66.75
Guarapari,27.0,100,1.0,40,-20.67,-40.5
Jabinyanah,13.0,82,1.5,20,35.03,10.91
Zhanaozen,-7.34,83,3.57,0,43.35,52.85
Akureyri,2.0,64,3.6,90,65.68,-18.09
Mayfield Heights,-1.75,86,4.6,90,41.52,-81.46
Vila Velha,28.0,83,2.6,20,-3.71,-38.6
Sawakin,15.47,100,2.22,0,19.1,37.33
Putina,10.0,76,2.1,75,-14.91,-69.87
Karachi,24.0,78,4.6,75,24.87,67.03
Mindelo,15.0,82,8.7,75,41.31,-8.72
Mecca,24.0,64,1.17,0,21.43,39.83
Shelburne,-1.96,86,4.6,90,44.08,-80.2
Karpathos,16.0,63,7.2,0,35.51,27.21
Vezirkopru,9.0,87,2.1,40,41.14,35.45
Priboj,4.0,100,1.5,48,43.58,19.53
Santiago del Estero,25.72,63,3.77,32,-27.8,-64.26
Cordoba,15.31,35,0.72,0,5.59,-73.79
Meteti,25.27,97,1.12,56,8.5,-77.98
Rivadavia,18.02,39,1.72,0,-31.53,-68.59
Maniitsoq,-9.24,86,2.92,80,65.42,-52.9
Den Helder,3.69,93,3.1,12,52.96,4.76
Mushie,25.62,89,0.92,48,-3.02,16.92
Omboue,27.62,100,3.27,92,-1.57,9.26
Ballarpur,22.57,70,1.32,8,19.85,79.35
Santa Cruz de Tenerife,15.36,81,2.6,0,28.47,-16.25
Marsabit,20.62,89,2.02,32,2.34,37.99
Deep River,-1.0,92,3.6,90,46.1,-77.49
Santa Marta,27.0,88,8.2,40,11.24,-74.21
Souillac,5.56,86,3.6,0,45.6,-0.6
Dogondoutchi,20.02,55,1.42,0,13.64,4.03
Monrovia,24.0,94,1.87,20,6.33,-10.8
Mayor Pablo Lagerenza,30.12,63,4.02,0,-19.93,-60.77
Gilgit,-3.04,95,0.42,92,35.92,74.31
Mehran,13.12,57,2.77,0,33.12,46.17
Puksoozero,3.92,98,5.57,92,62.59,40.61
Srivardhan,23.62,83,2.27,76,18.03,73.02
Klaebu,-2.23,85,4.1,40,63.3,10.48
Le Pradet,3.0,93,1.5,0,46.44,1.83
San Andres,25.62,100,5.72,80,13.32,122.68
Leningradskiy,-27.09,99,4.77,0,69.38,178.42
Goch,4.75,93,2.6,90,51.68,6.16
Dinar,7.46,93,1.0,75,38.07,30.16
Harper,17.42,26,3.1,1,30.3,-99.24
Jackson,7.02,52,2.6,1,35.61,-88.82
Port Hope,-0.66,80,6.2,90,43.95,-78.29
Aranjuez,8.0,93,2.1,0,40.03,-3.6
Antofagasta,20.0,72,3.1,40,-23.65,-70.4
Sao Felix do Xingu,25.02,92,0.92,12,-6.64,-51.99
Bubaque,23.0,88,2.1,0,11.28,-15.83
Lima,19.17,66,0.87,12,-12.06,-77.04
Wilmington Island,11.34,66,3.1,1,32.0,-80.97
Sadabad,18.81,37,1.07,0,27.44,78.04
Humaita,22.15,77,2.1,75,-24.93,-65.37
Shubarshi,-18.79,70,4.32,0,48.59,57.19
Carbonia,9.82,93,1.0,0,39.17,8.53
Tofte,-2.32,68,5.1,0,47.57,-90.84
Kadoma,17.92,78,4.72,0,-18.34,29.91
Laela,12.12,88,0.27,8,-8.57,32.05
Tera,16.42,88,2.6,75,34.97,32.42
Gebze,9.46,76,2.1,40,40.8,29.43
Lixourion,14.81,99,6.57,0,38.2,20.43
Maunabo,27.0,69,3.6,1,18.01,-65.9
Donskoye,-3.0,86,12.0,90,45.45,41.98
Ypsonas,14.68,82,0.5,75,34.69,32.96
Joensuu,-1.0,100,3.6,90,62.6,29.76
Gari,-9.64,72,3.67,32,59.43,62.35
Jaisalmer,19.47,44,5.27,0,26.91,70.91
Mouzouras,12.0,76,5.1,20,35.53,24.15
Manaus,24.0,88,5.1,75,-3.13,-59.98
Puerto Madryn,19.47,63,4.92,8,-42.77,-65.04
Matinha,26.92,82,2.32,92,-3.1,-45.04
Trabzon,15.0,62,2.1,75,41.01,39.72
Bay Roberts,-1.0,92,7.2,90,47.58,-53.28
Abha,14.52,62,0.87,0,18.22,42.5
Kargasok,-18.74,83,2.42,32,59.06,80.87
Skara,0.0,88,2.6,24,58.38,13.44
Nkayi,24.92,83,1.52,36,-4.18,13.29
Isiro,20.62,94,0.97,48,2.77,27.62
Ust-Ishim,-18.99,85,3.17,48,57.69,71.17
Florianopolis,24.0,78,1.5,75,-27.6,-48.55
Kirovsk,-10.69,75,2.07,64,67.62,33.66
Dyurtyuli,-15.84,73,4.72,20,55.49,54.86
Cambuci,25.17,73,3.32,24,-21.57,-41.91
Yurkivka,0.0,89,7.0,0,47.64,35.68
Buncrana,6.72,86,9.32,36,55.14,-7.45
Tucuman,17.62,61,1.07,0,-17.17,-70.89
Greytown,13.22,86,0.87,0,-29.06,30.59
Dublin,7.56,87,7.7,90,53.35,-6.26
Qaqortoq,-6.0,62,2.1,20,60.72,-46.03
Nynashamn,-1.55,74,4.6,75,58.9,17.95
Asyut,10.06,70,1.12,0,27.18,31.19
Yarada,27.32,99,8.37,0,17.65,83.27
Borba,12.47,99,3.22,92,38.81,-7.46
Chavakkad,26.0,88,1.67,40,10.53,76.05
Necochea,12.37,74,2.97,0,-38.55,-58.74
Sao Gabriel da Cachoeira,25.92,86,0.57,36,-0.13,-67.09
Aksarka,-15.94,83,1.32,76,66.56,67.8
Santa Fe do Sul,27.17,76,1.92,12,-20.21,-50.93
Chamrajnagar,18.87,95,1.07,56,11.92,76.95
Ikongo,18.56,98,0.32,68,-21.88,47.44
Jacareacanga,25.42,89,0.87,48,-6.22,-57.76
San Vicente,27.5,78,5.1,20,13.64,-88.78
Vega Baja,27.0,69,3.6,1,18.44,-66.39
Ust-Tsilma,-6.19,88,1.17,88,65.44,52.15
Aygut,-1.69,97,0.57,76,40.68,45.17
Viransehir,6.47,80,1.22,36,37.24,39.76
Matara,8.06,100,0.97,92,-13.74,-72.9
Timizart,7.72,92,0.77,68,36.8,4.25
Gardendale,17.66,20,5.1,0,32.03,-102.33
Raudeberg,0.0,98,3.1,48,61.99,5.14
Edd,16.92,93,1.12,12,13.93,41.69
Belo Horizonte,25.62,69,2.6,40,-19.92,-43.95
Karlskoga,-0.54,81,5.1,0,59.33,14.52
Parrita,23.51,64,5.7,75,9.52,-84.33
Ereymentau,-13.29,86,3.77,88,51.62,73.1
Tazovskiy,-12.99,79,5.92,68,67.47,78.7
Yar-Sale,-12.64,77,4.57,24,66.83,70.83
Tuscaloosa,12.0,46,3.6,1,33.21,-87.57
Pimentel,25.12,92,2.07,44,-3.7,-45.5
Alexandria,15.0,41,3.1,1,31.31,-92.44
Brigantine,2.6,47,6.7,1,39.41,-74.36
Leczna,6.62,86,3.22,92,51.3,22.88
Oussouye,23.51,94,3.1,20,12.49,-16.54
Simpsonville,8.71,49,2.1,1,34.74,-82.25
Camopi,25.67,74,1.82,80,3.17,-52.33
Lamtah,15.0,72,1.0,0,35.67,10.88
Valdivia,14.0,76,3.6,75,-39.81,-73.25
Thompson,6.0,45,5.1,5,55.74,-97.86
Muravlenko,-11.24,81,6.12,80,63.79,74.5
Mazagao,27.0,83,3.1,0,-0.12,-51.29
Gedo,16.81,61,1.07,88,9.01,37.45
Ewo,23.17,88,2.32,12,-0.88,14.81
Pitanga,22.52,90,0.87,20,-24.76,-51.76
Bafq,4.56,45,0.97,0,31.6,55.4
Huy,4.71,93,4.1,75,50.52,5.24
Shadegan,17.0,51,1.47,0,30.65,48.67
Yenagoa,24.87,93,2.67,8,4.92,6.26
Riyadh,17.0,46,1.5,0,24.63,46.72
Kumba,20.17,98,1.42,44,4.64,9.44
Bonito,26.12,90,1.17,12,-21.13,-56.49
Saint Thomas Mount,27.0,88,1.5,40,13.0,80.2
Pechora,-5.94,90,2.17,80,65.12,57.16
Pontarlier,2.53,100,0.5,75,46.9,6.35
Pinheiro Machado,17.67,59,2.87,0,-31.58,-53.38
Meulaboh,26.72,100,2.12,12,4.14,96.13
Senador Guiomard,26.0,83,2.1,0,-10.15,-67.74
Karacakoy,11.03,87,3.1,40,41.4,28.38
Biltine,21.57,17,5.82,0,14.53,20.93
Morrope,21.0,83,7.7,0,-6.54,-80.02
Moose Factory,-10.0,85,1.5,1,51.26,-80.61
Znamenskoye,-21.79,62,3.22,32,57.13,73.82
Maraba,26.0,100,1.0,20,-5.35,-49.1
Richmond,9.16,87,2.1,90,49.16,-123.14
Bereda,14.0,67,8.2,75,43.27,-7.54
Orzhytsya,0.81,97,6.27,92,49.79,32.7
Maceio,26.0,88,4.6,0,-9.67,-35.74
Santo Antonio do Sudoeste,24.22,90,0.97,12,-26.07,-53.73
Kantemirovka,-8.74,82,6.62,0,49.7,39.85
La Romana,25.15,94,3.1,20,18.43,-68.97
Sept-Iles,0.0,81,8.2,90,50.2,-66.38
Antonina,22.12,100,1.5,75,-25.43,-48.71
Islampur,20.82,65,3.27,76,26.26,88.19
Adwa,8.81,69,1.32,8,14.16,38.9
Ilebo,22.82,95,0.77,36,-4.33,20.59
Gazojak,-4.34,89,3.62,0,41.19,61.4
Kaduna,19.62,45,2.17,0,10.52,7.44
San Marcos de Colon,31.67,30,2.97,0,13.43,-86.8
San-Pedro,25.12,95,2.07,12,4.75,-6.64
Koubia,22.17,61,1.17,48,11.59,-11.89
Annur,23.0,88,1.0,75,11.23,77.1
Kingisepp,4.97,99,3.67,92,59.38,28.61
Pauini,27.02,86,1.32,0,-7.71,-67.0
Bilma,15.62,31,1.52,0,18.69,12.92
Buzovna,2.0,80,2.1,90,40.52,50.11
Berezovka,-11.89,79,5.67,76,57.6,57.31
Hamilton,18.0,59,13.4,75,32.3,-64.78
Ancud,12.42,98,4.77,92,-41.87,-73.83
Dedougou,27.37,49,4.22,44,12.47,-3.47
Veraval,4.01,93,2.1,0,49.65,0.71
Sambava,26.12,100,9.97,68,-14.27,50.17
Svetlopolyansk,-5.94,86,7.82,92,59.42,52.36
Besenyszog,6.88,75,4.1,0,47.3,20.27
Segou,23.97,58,1.72,0,12.41,-12.29
Carutapera,24.82,100,1.82,92,-1.2,-46.02
Luanda,27.0,74,2.1,75,-8.83,13.24
Cardenas,27.0,42,3.6,75,27.62,-110.24
Guapi,26.02,81,1.97,32,2.57,-77.89
Arinos,24.47,86,3.07,8,-15.92,-46.11
Balkhash,-2.69,88,3.42,48,46.84,74.98
Kochi,26.0,88,2.57,40,9.96,76.25
Port Said,10.77,49,1.32,0,25.34,30.55
Ouro Preto do Oeste,24.82,88,1.07,48,-10.75,-62.22
Tarko-Sale,-11.49,83,5.97,76,64.92,77.78
Waltershausen,3.0,93,4.1,75,50.9,10.57
Corner Brook,1.14,84,8.7,90,48.95,-57.95
Zarinsk,-21.74,60,1.52,0,53.71,84.95
Mutoko,14.62,89,1.22,0,-17.4,32.23
Bomet,9.37,91,1.32,32,-0.78,35.34
Tessalit,20.31,23,3.47,0,20.2,1.01
Aswan,21.0,22,3.1,0,24.09,32.9
Takoradi,27.02,100,3.22,20,4.89,-1.75
Mangan,-10.89,47,0.87,0,27.5,88.54
Pascagoula,13.36,71,2.97,1,30.37,-88.56
Salym,-12.39,83,3.67,64,60.06,71.48
Thiruvananthapuram,26.0,88,2.1,75,8.48,76.92
Lichinga,17.97,100,1.22,80,-13.3,35.25
Hualmay,20.82,72,1.57,24,-11.1,-77.61
Massakory,22.72,16,5.12,0,13.0,15.73
La Serena,16.0,77,2.6,0,-29.9,-71.25
Islahiye,10.0,87,1.5,0,37.03,36.63
Loukhi,-7.24,77,4.82,92,66.08,33.04
Karwar,22.07,73,0.72,20,14.8,74.13
Gamboma,23.07,88,4.17,68,-1.87,15.88
Shache,6.42,66,4.67,32,38.42,77.24
Caceres,24.22,67,1.17,0,5.53,-74.53
Avanigadda,24.0,94,2.07,0,16.02,80.92
Misratah,14.92,97,4.62,0,32.38,15.09
Krasnoshchekovo,-21.29,57,0.97,0,51.67,82.73
Wagar,12.06,36,2.12,0,31.44,-87.99
Pasni,22.87,96,4.52,0,25.26,63.48
Goksun,10.0,87,1.5,0,38.02,36.5
Kemin,-2.04,94,0.92,92,42.79,75.7
Saint-Georges,-1.14,75,4.42,92,46.12,-70.67
Kochevo,8.0,75,3.6,0,42.1,24.92
Cabinda,28.02,100,3.47,92,-5.56,12.19
Pospelikha,-19.54,74,3.62,8,51.99,81.83
Macapa,27.0,83,3.1,0,0.05,-51.07
Wattegama,18.12,96,1.17,8,7.35,80.68
Verkhovazhye,2.17,100,8.97,92,60.75,42.05
Kuchaman,18.17,38,4.87,0,27.15,74.86
Ilhabela,25.87,100,6.47,56,-23.78,-45.36
Chaykovskiy,-10.99,80,6.72,92,56.77,54.11
Saurimo,18.02,97,1.17,64,-9.66,20.4
Kigonsera,16.92,100,1.47,0,-10.8,35.08
Bordighera,8.31,70,4.1,0,43.79,7.66
Dakar,22.0,73,5.1,0,14.69,-17.45
Santa Maria da Vitoria,21.82,96,2.27,64,-13.39,-44.19
Hobyo,24.97,93,3.47,64,5.35,48.53
Brownsville,19.2,56,4.6,90,25.91,-97.49
Kudahuvadhoo,26.82,100,0.32,80,2.67,72.89
San Rafael,15.92,24,2.77,0,-34.61,-68.33
Mount Darwin,16.56,89,2.07,0,-16.77,31.58
Bernay,4.01,93,2.6,0,49.09,0.6
Lakewood,17.39,93,2.57,90,33.85,-118.12
Huarmey,21.12,66,1.17,24,-10.07,-78.15
Manzil Kamil,14.45,72,1.0,0,35.62,10.67
Calahorra,4.97,87,1.0,0,42.3,-1.96
Gayny,-7.04,84,4.97,92,60.3,54.33
Oranjestad,26.0,83,9.3,20,12.52,-70.03
Marawi,22.32,94,1.27,20,8.0,124.29
Bratislava,9.56,57,2.6,0,48.15,17.11
High Rock,20.22,100,3.27,20,26.63,-78.28
Cheremukhovo,-7.64,76,5.72,64,56.23,46.23
Fougamou,22.52,100,1.42,92,-1.22,10.59
Jos,15.37,61,0.17,0,9.92,8.9
Nandgaon,25.52,35,1.52,68,20.31,74.66
Saint Lawrence,13.0,82,3.6,20,36.06,14.2
Ostersund,-9.0,92,2.1,88,63.18,14.64
Lyaskelya,1.67,99,4.52,92,61.77,31.02
Santa Isabel do Rio Negro,32.22,51,2.77,20,-0.41,-65.02
Libertador General San Martin,23.0,94,0.52,40,-23.81,-64.79
Temryuk,6.0,75,6.0,80,45.28,37.39
Temba,17.0,82,1.0,76,-25.38,28.26
Denizli,7.0,81,1.5,40,37.77,29.09
Teguldet,-26.79,48,1.17,0,57.31,88.17
Neya,-4.64,89,9.52,92,58.29,43.89
Tromso,-7.0,67,2.6,0,69.65,18.96
Melito di Porto Salvo,14.0,76,1.5,20,37.92,15.77
Kohlu,8.22,89,1.67,0,29.9,69.25
La Concepcion,26.72,85,1.32,56,8.51,-82.62
Abdanan,4.22,55,1.17,0,32.99,47.42
Birao,20.52,28,3.12,8,10.3,22.78
Shenkursk,3.97,97,3.47,92,62.11,42.91
Murfreesboro,5.72,52,4.6,40,35.85,-86.39
Gornopravdinsk,-12.79,86,3.52,36,60.06,69.92
Pimenteiras,21.12,98,1.47,56,-6.24,-41.42
Ramsgate,23.43,69,2.6,75,-33.98,151.14
Lana,-2.5,86,2.6,40,46.61,11.16
Aurdal,-17.29,56,0.87,0,60.92,9.42
Newala,19.47,95,1.22,32,-10.94,39.28
Umm Lajj,16.81,100,1.52,0,25.02,37.27
La Asuncion,9.72,79,0.52,0,-1.64,-78.74
Palaikastron,15.87,99,10.52,0,35.2,26.25
Natal,28.0,78,4.1,40,-5.81,-35.21
Kapuskasing,-9.0,66,2.1,75,49.42,-82.43
Clevelandia,19.97,93,1.07,0,-26.4,-52.47
Akdagmadeni,3.87,81,3.47,8,39.66,35.88
Tocopilla,18.02,92,1.72,0,-22.09,-70.2
Mondlo,11.67,87,1.12,0,-27.96,30.72
Aljezur,15.02,99,4.97,76,37.31,-8.8
Karaton,26.0,94,3.1,20,-6.34,106.1
Sfantu Gheorghe,9.0,87,4.6,20,44.65,26.83
Khash,5.12,80,1.17,0,28.22,61.21
Ville-Marie,-4.0,85,7.7,75,47.33,-79.44
Krasnyy Kut,-4.39,86,8.27,8,47.1,40.67
Kyotera,19.22,100,0.07,32,-0.63,31.54
Oranjemund,17.97,95,2.87,92,-28.55,16.43
Chingirlau,-24.89,41,1.32,0,51.09,54.08
Voznesenye,2.77,90,6.72,92,61.02,35.48
Mullingar,8.0,81,7.2,75,53.53,-7.34
Xuddur,23.52,75,4.87,20,4.12,43.89
Puntarenas,25.0,61,5.1,20,9.98,-84.84
Chambersburg,0.87,55,7.7,75,39.94,-77.66
Oleksandrivka,-2.79,87,6.77,48,48.74,37.49
Obo,20.97,86,1.22,12,5.39,26.49
Jatai,13.81,36,1.97,0,28.97,76.18
Mosquera,16.0,72,5.1,40,4.71,-74.23
Seydi,19.72,58,1.32,0,13.34,7.75
Agadez,19.02,16,2.12,0,16.97,7.99
Riberalta,27.02,83,2.17,12,-11.0,-66.08
Diu,16.06,55,1.22,20,20.71,70.98
Mopti,27.0,21,3.1,0,14.49,-4.19
Sabha,18.72,30,4.12,0,27.03,14.43
San Juan del Sur,29.37,63,8.12,20,11.25,-85.87
Manakara,24.27,100,1.67,88,-22.14,48.01
Syasstroy,3.52,96,4.97,88,60.14,32.56
Nicoya,30.0,55,8.7,0,10.15,-85.45
Marzuq,9.97,70,1.32,0,14.4,46.47
Portobelo,28.0,69,3.6,20,9.55,-79.65
Kuytun,-22.99,49,2.12,0,54.34,101.51
Arcos de la Frontera,14.0,93,1.0,100,36.75,-5.81
Kasongo-Lunda,22.07,91,0.82,68,-6.48,16.82
Shakawe,21.32,76,3.12,24,-18.36,21.84
Patacamaya,9.72,86,1.72,20,-17.23,-67.92
Palm Coast,12.33,66,0.77,1,29.55,-81.22
George,28.0,88,2.1,20,6.63,3.35
Port-Gentil,27.57,97,2.57,92,-0.72,8.78
Mayakonda,22.02,67,3.37,48,14.29,76.08
Mende,-2.99,87,1.27,0,44.52,3.5
Vesyegonsk,2.97,95,8.87,88,58.67,37.27
Jinotega,22.87,64,1.47,0,13.09,-86.0
Veinticinco de Diciembre,21.97,25,3.52,0,25.26,-104.05
Staroderevyankovskaya,1.87,70,8.02,32,46.13,38.96
Westport,7.52,95,10.67,92,53.8,-9.52
Lithakia,10.0,87,2.1,20,37.72,20.83
Safranbolu,7.12,92,1.67,32,41.25,32.69
Vierzon,3.0,86,1.5,0,47.22,2.07
Sao Cristovao,27.0,88,4.1,20,-11.01,-37.21
Baarle-Hertog,3.78,100,1.0,44,51.44,4.93
Passy,3.78,100,3.1,20,45.92,6.69
Tiznit,13.81,95,2.22,0,29.7,-9.73
Olinda,30.0,66,2.1,75,-2.03,-79.75
Ongandjera,23.92,58,3.82,12,-17.88,15.07
Isla Mujeres,23.0,69,2.6,90,21.23,-86.73
Priladozhskiy,3.0,93,4.0,90,59.85,31.48
Brus Laguna,26.37,69,1.77,32,15.75,-84.48
Mweka,21.72,97,0.97,56,-4.85,21.56
Beloha,24.87,70,3.67,0,-25.17,45.06
Formosa do Rio Preto,21.62,98,1.27,88,-11.04,-45.19
Uzhur,-28.29,26,1.62,0,55.32,89.85
Itanhem,23.97,85,2.77,12,-17.17,-40.33
Tandalti,15.87,47,1.42,0,13.01,31.87
Nadvoitsy,-2.69,92,3.42,92,63.89,34.27
Weligama,26.17,98,4.02,88,5.97,80.42
Bereznik,-0.49,87,1.07,92,62.86,42.71
Karagay,-9.24,80,6.72,92,58.27,54.93
Vysha,-11.19,75,5.52,0,53.85,42.38
Corn Island,25.87,100,5.92,92,12.17,-83.04
Terracina,8.31,92,3.12,64,41.29,13.25
Alghero,11.0,87,0.5,40,40.56,8.32
Gravdal,1.0,74,3.6,0,59.79,5.78
Morondava,27.97,92,1.72,20,-20.3,44.28
Zaysan,-6.34,80,1.07,88,47.47,84.87
Sechura,25.37,73,4.37,0,-5.56,-80.82
Tortoli,12.0,83,3.6,20,39.93,9.66
Sirajganj,18.22,92,2.67,0,24.46,89.71
Carbondale,9.59,25,3.6,1,38.82,-95.69
Polunochnoye,-8.74,82,3.92,92,60.87,60.43
Murdochville,-0.64,85,7.17,92,48.96,-65.49
Galle,18.5,31,3.1,1,29.74,-97.91
Inta,-5.49,87,2.12,80,66.04,60.13
Muisne,26.42,65,2.52,12,0.61,-80.02
Kamyaran,6.0,72,2.1,0,34.8,46.94
Ipixuna,25.0,94,4.1,75,-1.76,-48.8
Lubango,18.56,85,1.17,64,-14.92,13.49
Uige,20.22,80,1.52,76,-7.61,15.06
Kutum,13.47,22,4.17,0,14.2,24.66
Impfondo,22.67,97,0.97,8,1.62,18.06
Vizianagaram,23.87,83,2.67,0,18.12,83.4
Thinadhoo,28.52,100,2.52,80,0.53,72.93
Bauru,28.0,88,1.0,0,-22.32,-49.07
Okara,18.67,74,5.57,64,30.81,73.45
Youghal,8.0,100,12.3,75,51.95,-7.85
Manono,20.62,100,1.92,80,-7.3,27.4
Miracema do Tocantins,23.27,96,2.52,92,-9.56,-48.4
Nkoteng,22.82,83,3.12,0,4.5,12.12
Wukari,29.17,55,5.97,0,7.87,9.78
Opuwo,26.72,33,3.47,100,-18.06,13.84
Marsaxlokk,13.0,82,3.6,20,35.84,14.54
Belmonte,10.31,98,3.62,92,40.36,-7.35
Kabare,15.02,100,1.17,76,-1.65,29.38
Nalobikha,-22.54,48,2.22,0,53.2,84.6
Mana,5.89,93,1.5,75,43.52,20.24
Puri,22.32,94,1.82,44,-7.54,112.45
Bodden Town,26.0,88,5.7,20,19.28,-81.25
Musoma,18.81,100,1.72,36,-1.5,33.81
Two Rivers,-3.0,53,4.6,90,44.15,-87.57
Nador,14.43,77,3.1,0,35.17,-2.93
Dudinka,-17.29,72,9.62,64,69.41,86.18
Synya,-6.19,87,2.77,80,65.37,58.04
Trairi,26.87,100,5.72,80,-3.28,-39.27
Wilmington,1.79,67,5.7,1,39.75,-75.55
Piacabucu,25.52,88,4.92,0,-10.41,-36.43
Rudnichnyy,-7.29,72,3.87,92,59.7,60.29
Malanje,18.47,100,1.42,92,-9.54,16.35
Blagodarnyy,-2.99,84,8.72,64,45.1,43.44
Boddam,4.0,86,4.1,90,57.47,-1.78
Cross Lanes,9.0,93,7.2,90,50.05,-5.22
Mitu,0.52,77,1.52,0,36.2,46.09
Zemio,20.82,91,1.12,0,5.02,25.13
Tarpon Springs,12.0,66,1.5,40,28.15,-82.76
Soltsy,4.47,93,5.22,92,58.12,30.32
Constitucion,28.0,14,3.1,40,23.99,-104.67
Hwange,17.87,89,1.37,0,-18.35,26.5
Kpalime,21.77,93,1.22,8,6.9,0.63
Beohari,14.97,65,1.22,0,24.05,81.38
Honningsvag,-4.19,100,4.37,76,70.98,25.97
Umm Bab,15.56,78,2.62,0,25.21,50.81
Slidell,15.5,41,2.1,1,30.28,-89.78
Ode,24.52,70,4.07,20,7.79,5.71
Bumbuna,23.07,89,1.92,24,9.05,-11.73
Lasa,16.37,82,1.5,75,34.92,32.53
Penzance,9.0,93,7.2,90,50.12,-5.53
Sisimiut,-11.79,83,2.22,68,66.94,-53.67
Rodino,-24.29,57,2.67,12,52.5,80.2
Gerzat,3.0,74,0.5,0,45.83,3.15
Rundu,21.32,67,4.07,0,-17.91,19.77
Nizwa,13.72,75,1.52,0,22.93,57.53
Palmas,24.37,88,2.57,88,-10.18,-48.33
Mudgal,22.17,47,3.97,0,16.02,76.43
Chortkiv,5.37,89,3.92,92,49.02,25.79
Orapa,22.27,61,6.12,0,-21.28,25.37
Sault Sainte Marie,-4.35,53,4.6,20,46.49,-84.36
Ovada,10.0,87,2.6,40,44.64,8.65
Bumba,24.37,83,0.42,36,2.18,22.47
Cuiaba,29.0,74,1.5,75,-15.6,-56.1
Reconquista,20.87,85,4.32,8,-29.14,-59.64
Aras,8.87,70,0.47,56,14.28,44.38
La Ligua,16.0,59,2.1,0,-32.45,-71.23
Sturgeon Falls,-3.0,92,5.7,90,46.36,-79.93
Jiblah,10.31,78,1.17,36,13.92,44.15
Cururupu,25.57,93,1.77,92,-1.82,-44.87
Puerto El Triunfo,29.0,74,3.1,40,13.27,-88.55
Kurchum,-9.04,71,1.07,76,48.57,83.65
Vorobyevka,-10.84,79,5.97,0,50.65,40.92
Rzhaksa,-12.94,79,6.32,0,52.14,42.03
Naregal,21.57,51,4.07,12,15.57,75.81
Fos-sur-Mer,7.38,76,5.1,0,43.44,4.95
Ringebu,-17.34,55,1.47,0,61.53,10.14
Kipini,25.72,99,2.27,64,-2.53,40.53
Karlstad,-1.0,68,3.6,0,59.38,13.5
Clarksburg,-1.53,68,2.1,68,39.28,-80.34
Aranos,23.92,35,5.17,20,-24.14,19.11
Cabo Rojo,25.0,78,7.02,75,18.09,-67.15
Tripoli,7.0,93,1.52,20,37.51,22.37
Quilmana,19.87,82,1.07,0,-12.95,-76.38
Eenhana,23.12,66,3.52,0,-17.48,16.34
Gonbad-e Qabus,0.47,85,1.27,0,37.25,55.17
Great Yarmouth,4.0,86,3.1,0,52.61,1.73
Skibbereen,8.0,100,12.3,75,51.55,-9.27
Saryozek,2.47,100,1.52,92,44.36,77.98
Rio Verde de Mato Grosso,25.52,84,1.27,0,-18.92,-54.84
Nanga Eboko,22.72,85,5.02,0,4.68,12.37
Judenburg,3.47,100,1.0,80,47.17,14.66
Ribeira Brava,18.0,82,5.7,20,32.65,-17.07
Bukene,14.37,91,1.22,0,-4.23,32.89
Bar Harbor,0.0,100,9.3,90,44.39,-68.2
Riohacha,26.32,92,1.22,12,11.54,-72.91
Copiapo,18.0,72,2.6,0,-27.37,-70.33
Etaples,4.4,100,1.5,90,50.52,1.63
Rockland,-0.5,100,5.7,90,42.13,-70.92
Diffa,20.72,24,3.22,0,13.32,12.61
Nuzvid,24.0,94,1.27,0,16.79,80.85
Surgut,-11.0,66,5.0,76,61.25,73.4
Gambela,17.56,80,2.07,8,8.25,34.59
Butterworth,27.51,83,2.1,75,5.4,100.37
Mamlyutka,-25.64,43,1.17,0,54.94,68.54
Soddy-Daisy,8.53,42,3.1,1,35.24,-85.19
Robertsport,26.37,100,1.92,8,6.75,-11.37
Tsabong,24.12,41,4.67,8,-26.02,22.4
Visby,0.0,100,8.2,92,57.64,18.3
Bridlington,3.13,87,4.1,20,54.08,-0.19
Turukhansk,-16.24,75,6.87,64,65.8,87.96
